epoch,accuracy,loss,val_accuracy,val_loss
0,0.12780970335006714,5.780077934265137,0.0046881078742444515,11.682700157165527
1,0.19482840597629547,4.516707420349121,0.004094417206943035,161.0925750732422
