epoch,accuracy,loss,val_accuracy,val_loss
0,0.11388607323169708,5.898686408996582,0.0017196552362293005,14.218503952026367
