epoch,accuracy,learning_rate,loss,top_10_accuracy,top_5_accuracy,val_accuracy,val_loss,val_top_10_accuracy,val_top_5_accuracy
0,0.0002023164852289483,9.999999747378752e-06,9.103423118591309,0.001635063556022942,0.0008801160729490221,0.0002661371254362166,8.781607627868652,0.003521198872476816,0.0017810715362429619
1,0.00012201967183500528,9.999999747378752e-06,8.672399520874023,0.0010013484861701727,0.0005479076644405723,0.00022519295453093946,8.642632484436035,0.0023747619707137346,0.0013921018689870834
2,8.029681339394301e-05,9.999999747378752e-06,8.60541820526123,0.0008738182950764894,0.0004542280512396246,0.0002047208690783009,8.60771656036377,0.002354289870709181,0.0011873809853568673
3,9.446684271097183e-05,9.999999747378752e-06,8.585840225219727,0.0008234359556809068,0.00041959021473303437,0.00010236043453915045,8.596834182739258,0.002333817770704627,0.0011259648017585278
4,7.163735426729545e-05,9.999999747378752e-06,8.578137397766113,0.0008257976151071489,0.0004148668667767197,0.00014330459816846997,8.59106159210205,0.0021290970034897327,0.0011669088853523135
