epoch,accuracy,loss,val_accuracy,val_loss
0,0.11014203727245331,5.934784889221191,0.001003132201731205,13.415407180786133
