epoch,accuracy,loss,val_accuracy,val_loss
0,0.08214613795280457,6.468684673309326,0.003066765610128641,10.564133644104004
