epoch,accuracy,loss,val_accuracy,val_loss
0,0.12965258955955505,5.767482757568359,0.005220382008701563,11.258726119995117
